{
  "best_C": 0.001,
  "best_threshold": 0.9,
  "coef_C0": -0.002478404482790656,
  "coef_C1": 5.857377051725078,
  "intercept": -2.94766896910768,
  "C0_relative_weight": 0.000422946351034075,
  "C1_relative_weight": 0.9995770536487953,
  "train_size": 230955,
  "val_size": 58652,
  "test_size": 97046,
  "val_metrics": {
    "acc": 0.9900259155698016,
    "prec": 0.9915896583947669,
    "rec": 0.988203642384106,
    "f1": 0.9898937548587716,
    "auc": 0.994382937874647
  },
  "test_metrics": {
    "acc": 0.9885724295694825,
    "prec": 0.9901480936876379,
    "rec": 0.9866041527126591,
    "f1": 0.988372946393936,
    "auc": 0.993977209166082
  }
}