{
  "coef_C0": 6.489730029591912,
  "coef_C1": 12.569946770580584,
  "intercept": -9.343491715523577,
  "threshold": 0.9400000000000006
}